Item Title,Publication Title,Book Series Title,Journal Volume,Journal Issue,Item DOI,Authors,Publication Year,URL,Content Type
PSO Heuristics Algorithm for Portfolio Optimization,Advances in Swarm Intelligence,,,,10.1007/978-3-642-13495-1_23,Yun ChenHanhong Zhu,2010,http://link.springer.com/chapter/10.1007/978-3-642-13495-1_23,Chapter
Accelerating the Critical Line Algorithm for Portfolio Optimization Using GPUs,Information Technology: New Generations,,,,10.1007/978-3-319-32467-8_29,Raja H. SinghLee BarfordFrederick Harris Jr.,2016,http://link.springer.com/chapter/10.1007/978-3-319-32467-8_29,Chapter
A Multi-Period Constrained Multi-Objective Evolutionary Algorithm with Orthogonal Learning for Solving the Complex Carbon Neutral Stock Portfolio Optimization Model,Journal of Systems Science and Complexity,,36,2,10.1007/s11424-023-2406-3,Yinnan ChenLingjuan YeRui LiXinchao Zhao,2023,http://link.springer.com/article/10.1007/s11424-023-2406-3,Article
Portfolio Optimization Based on Quantum HHL Algorithm,Artificial Intelligence and Security,,,,10.1007/978-3-031-06788-4_8,Qinghai LiHao WuWeizhong QianXiaoyu LiQinsheng ZhuShan Yang,2022,http://link.springer.com/chapter/10.1007/978-3-031-06788-4_8,Chapter
Modified Moth Search Algorithm for Portfolio Optimization,Smart Trends in Computing and Communications,,,,10.1007/978-981-15-0077-0_45,Ivana StrumbergerEva TubaNebojsa BacaninMilan Tuba,2020,http://link.springer.com/chapter/10.1007/978-981-15-0077-0_45,Chapter
A branch-and-bound algorithm for discrete multi-factor portfolio optimization model,Journal of Shanghai University (English Edition),,12,1,10.1007/s11741-008-0105-3,Shu-fen Niu 牛淑芬Guo-xin Wang 王国欣Xiao-ling Sun 孙小玲,2008,http://link.springer.com/article/10.1007/s11741-008-0105-3,Article
Experimental Study on a Hybrid Nature-Inspired Algorithm for Financial Portfolio Optimization,"Artificial Intelligence: Theories, Models and Applications",,,,10.1007/978-3-642-12842-4_14,Giorgos GiannakourisVassilios VassiliadisGeorge Dounias,2010,http://link.springer.com/chapter/10.1007/978-3-642-12842-4_14,Chapter
Pivoting Algorithm for Mean-CVaR Portfolio Optimization Model,Advances in Wireless Networks and Information Systems,,,,10.1007/978-3-642-14350-2_25,Yanwu LiuZhongzhen Zhang,2010,http://link.springer.com/chapter/10.1007/978-3-642-14350-2_25,Chapter
Asset portfolio optimization using support vector machines and real-coded genetic algorithm,Journal of Global Optimization,,53,2,10.1007/s10898-011-9692-3,Pankaj GuptaMukesh Kumar MehlawatGarima Mittal,2012,http://link.springer.com/article/10.1007/s10898-011-9692-3,Article
Portfolio Optimization Using Genetic Algorithms with Nelder–Mead Algorithm,Proceedings of 6th International Conference on Recent Trends in Computing,,,,10.1007/978-981-33-4501-0_19,Annem Abhishek ReddyMaheedhar VundelaG. Manju,2021,http://link.springer.com/chapter/10.1007/978-981-33-4501-0_19,Chapter
A Novel Multi Objective Genetic Algorithm for the Portfolio Optimization,Advanced Intelligent Computing,,,,10.1007/978-3-642-24728-6_25,Vitoantonio BevilacquaVincenzo PacelliStefano Saladino,2012,http://link.springer.com/chapter/10.1007/978-3-642-24728-6_25,Chapter
A quantum online portfolio optimization algorithm,Quantum Information Processing,,23,3,10.1007/s11128-024-04256-6,Debbie LimPatrick Rebentrost,2024,http://link.springer.com/article/10.1007/s11128-024-04256-6,Article
A Fast Converging Evolutionary Algorithm for Constrained Multiobjective Portfolio Optimization,Evolutionary Multi-Criterion Optimization,,,,10.1007/978-3-030-72062-9_23,Yi ChenHemant Kumar SinghAimin ZhouTapabrata Ray,2021,http://link.springer.com/chapter/10.1007/978-3-030-72062-9_23,Chapter
A multi-population evolutionary algorithm for multi-objective constrained portfolio optimization problem,Artificial Intelligence Review,,56,3,10.1007/s10462-023-10604-2,Meriem HemiciDjaafar Zouache,2023,http://link.springer.com/article/10.1007/s10462-023-10604-2,Article
A Combination Genetic Algorithm with Applications on Portfolio Optimization,Advances in Applied Artificial Intelligence,,,,10.1007/11779568_23,Jiah-Shing ChenJia-Leh Hou,2006,http://link.springer.com/chapter/10.1007/11779568_23,Chapter
Portfolio Optimization Using Quantum-Inspired Modified Genetic Algorithm,Business Intelligence and Information Technology,,,,10.1007/978-981-99-3416-4_53,Abhishek GunjanSiddhartha BhattacharyyaAboul Ella Hassanien,2023,http://link.springer.com/chapter/10.1007/978-981-99-3416-4_53,Chapter
A Double-Stage Genetic Optimization Algorithm for Portfolio Selection,Neural Information Processing,,,,10.1007/11893295_102,Kin Keung LaiLean YuShouyang WangChengxiong Zhou,2006,http://link.springer.com/chapter/10.1007/11893295_102,Chapter
Cardinality constrained portfolio optimization with a hybrid scheme combining a Genetic Algorithm and Sonar Inspired Optimization,Operational Research,,22,3,10.1007/s12351-020-00614-1,Christos KonstantinouAlexandros TzanetosGeorgios Dounias,2022,http://link.springer.com/article/10.1007/s12351-020-00614-1,Article
A novel hybrid algorithm based on a harmony search and artificial bee colony for solving a portfolio optimization problem using a mean-semi variance approach,Journal of Central South University,,23,1,10.1007/s11771-016-3061-9,Seyed Mohammad SeyedhosseiniMohammad Javad EsfahaniMehdi Ghaffari,2016,http://link.springer.com/article/10.1007/s11771-016-3061-9,Article
"An Algorithm for Portfolio Optimization with Variable Transaction Costs, Part 2: Computational Analysis",Journal of Optimization Theory and Applications,,135,3,10.1007/s10957-007-9249-2,M. J. BestJ. Hlouskova,2007,http://link.springer.com/article/10.1007/s10957-007-9249-2,Article
Robust portfolio optimization with a hybrid heuristic algorithm,Computational Management Science,,9,1,10.1007/s10287-010-0127-2,Björn FastrichPeter Winker,2012,http://link.springer.com/article/10.1007/s10287-010-0127-2,Article
The mean-variance cardinality constrained portfolio optimization problem using a local search-based multi-objective evolutionary algorithm,Applied Intelligence,,47,2,10.1007/s10489-017-0898-z,Bili ChenYangbin LinWenhua ZengHang XuDefu Zhang,2017,http://link.springer.com/article/10.1007/s10489-017-0898-z,Article
A Hybrid Model for Financial Portfolio Optimization Based on LS-SVM and a Clustering Algorithm,ICT Innovations 2019. Big Data Processing and Mining,,,,10.1007/978-3-030-33110-8_15,Ivana P. MarkovićJelena Z. StankovićMiloš B. StojanovićJovica M. Stanković,2019,http://link.springer.com/chapter/10.1007/978-3-030-33110-8_15,Chapter
Uncertain random portfolio optimization with non-dominated sorting genetic algorithm-II and optimal solution criterion,Artificial Intelligence Review,,56,8,10.1007/s10462-022-10388-x,Xiangfa LiBo LiTing JinPeiyao Zheng,2023,http://link.springer.com/article/10.1007/s10462-022-10388-x,Article
"An Algorithm for Portfolio Optimization with Variable Transaction Costs, Part 1: Theory",Journal of Optimization Theory and Applications,,135,3,10.1007/s10957-007-9252-7,M. J. BestJ. Hlouskova,2007,http://link.springer.com/article/10.1007/s10957-007-9252-7,Article
The Portfolio Risk Analysis Based on Dynamic Particle Swarm Optimization Algorithm,Modeling Risk Management for Resources and Environment in China,,,,10.1007/978-3-642-18387-4_55,Qin Suntao,2011,http://link.springer.com/chapter/10.1007/978-3-642-18387-4_55,Chapter
A Hybrid Multiobjective Bat Algorithm for Fuzzy Portfolio Optimization with Real-World Constraints,International Journal of Fuzzy Systems,,21,1,10.1007/s40815-018-0533-0,Wei ChenWen Xu,2019,http://link.springer.com/article/10.1007/s40815-018-0533-0,Article
Optimization of cardinality constrained portfolios with a hybrid local search algorithm,OR Spectrum,,25,4,10.1007/s00291-003-0139-1,Dietmar MaringerHans Kellerer,2003,http://link.springer.com/article/10.1007/s00291-003-0139-1,Article
Improving Portfolio Efficiency: A Genetic Algorithm Approach,Computational Economics,,28,1,10.1007/s10614-006-9021-y,Xiaolou Yang,2006,http://link.springer.com/article/10.1007/s10614-006-9021-y,Article
An Approach for Diverse Group Stock Portfolio Optimization Using the Fuzzy Grouping Genetic Algorithm,Intelligent Information and Database Systems,,,,10.1007/978-3-319-75417-8_48,Chun-Hao ChenBing-Yang ChiangTzung-Pei HongDing-Chau WangJerry Chun-Wei Lin,2018,http://link.springer.com/chapter/10.1007/978-3-319-75417-8_48,Chapter
Research on Improved Model of Loans Portfolio Optimization Based on Adaptive Particle Swarm Optimization Algorithm,Advances in Swarm Intelligence,,,,10.1007/978-3-642-30976-2_19,Ying SunYue-lin Gao,2012,http://link.springer.com/chapter/10.1007/978-3-642-30976-2_19,Chapter
A Genetic Algorithm Approach for Portfolio Optimization,Data Science and Applications,,,,10.1007/978-981-99-7862-5_9,Ishwa AnadaniAkshita SharmaDhruv DaveAnand Sharma,2024,http://link.springer.com/chapter/10.1007/978-981-99-7862-5_9,Chapter
The Memetic Tree-based Genetic Algorithm and its application to Portfolio Optimization,Memetic Computing,,1,2,10.1007/s12293-009-0010-2,Claus AranhaHitoshi Iba,2009,http://link.springer.com/article/10.1007/s12293-009-0010-2,Article
Multi-objective genetic algorithm based on the fuzzy MULTIMOORA method for solving the cardinality constrained portfolio optimization,Applied Intelligence,,53,12,10.1007/s10489-022-04240-6,Derya DeliktaşOzden Ustun,2023,http://link.springer.com/article/10.1007/s10489-022-04240-6,Article
A Decomposition-Based Hybrid Estimation of Distribution Algorithm for Practical Mean-CVaR Portfolio Optimization,Intelligent Computing Theories and Application,,,,10.1007/978-3-030-26969-2_4,Yihua WangWanyi Chen,2019,http://link.springer.com/chapter/10.1007/978-3-030-26969-2_4,Chapter
A Genetic Algorithm for Solving Portfolio Optimization Problems with Transaction Costs and Minimum Transaction Lots,Advances in Natural Computation,,,,10.1007/11539902_99,Dan LinXiaoming LiMinqiang Li,2005,http://link.springer.com/chapter/10.1007/11539902_99,Chapter
An interior point algorithm for large scale portfolio optimization,Annals of Operations Research,,45,1,10.1007/BF02282059,Hitoshi Takehara,1993,http://link.springer.com/article/10.1007/BF02282059,Article
Application of a Memetic Algorithm to the Portfolio Optimization Problem,AI 2008: Advances in Artificial Intelligence,,,,10.1007/978-3-540-89378-3_52,Claus AranhaHitoshi Iba,2008,http://link.springer.com/chapter/10.1007/978-3-540-89378-3_52,Chapter
Cardinality Constrained Portfolio Selection Strategy Based on Hybrid Metaheuristic Optimization Algorithm,Proceedings of International Conference on Data Science and Applications,,,,10.1007/978-981-19-6631-6_59,Faisal AhmadFaraz HasanMohammad ShahidJahangir ChauhanMohammad Imran,2023,http://link.springer.com/chapter/10.1007/978-981-19-6631-6_59,Chapter
Solving Portfolio Optimization Using Sine-Cosine Algorithm Embedded Mutation Operations,Design and Applications of Nature Inspired Optimization,,,,10.1007/978-3-031-17929-7_6,Mousumi BanerjeeVanita GargKusum Deep,2022,http://link.springer.com/chapter/10.1007/978-3-031-17929-7_6,Chapter
Algorithm of construction of optimum portfolio of stocks using genetic algorithm,International Journal of System Assurance Engineering and Management,,6,4,10.1007/s13198-014-0293-7,Pankaj SinhaAbhishek ChandwaniTanmay Sinha,2015,http://link.springer.com/article/10.1007/s13198-014-0293-7,Article
Multi-period Possibilistic Mean Semivariance Portfolio Selection with Cardinality Constraints and its Algorithm,Journal of Mathematical Modelling and Algorithms in Operations Research,,14,2,10.1007/s10852-014-9268-6,Peng Zhang,2015,http://link.springer.com/article/10.1007/s10852-014-9268-6,Article
Different Length Genetic Algorithm-Based Clustering of Indian Stocks for Portfolio Optimization,Advances in Intelligent Computing,,,,10.1007/978-981-10-8974-9_3,Somnath MukhopadhyayTamal Datta Chaudhuri,2019,http://link.springer.com/chapter/10.1007/978-981-10-8974-9_3,Chapter
Time-Varying Mean-Variance Portfolio Selection under Transaction Costs and Cardinality Constraint Problem via Beetle Antennae Search Algorithm (BAS),Operations Research Forum,,2,2,10.1007/s43069-021-00060-5,Vasilios N. KatsikisSpyridon D. MourtasPredrag S. StanimirovićShuai LiXinwei Cao,2021,http://link.springer.com/article/10.1007/s43069-021-00060-5,Article
Optimization of Corporate Reorganization Portfolios based on a Genetic Algorithm,Exploratory Data Analysis in Empirical Research,,,,10.1007/978-3-642-55721-7_44,R. BennertM. Missler-Behr,2003,http://link.springer.com/chapter/10.1007/978-3-642-55721-7_44,Chapter
A SPEA-Based Group Trading Strategy Portfolio Optimization Algorithm,Intelligent Information and Database Systems,,,,10.1007/978-3-030-73280-6_46,Chun-Hao ChenChong-You YeYeong-Chyi LeeTzung-Pei Hong,2021,http://link.springer.com/chapter/10.1007/978-3-030-73280-6_46,Chapter
Algorithm Portfolios and Teams in Parallel Optimization,Optimization Methods and Applications,,,,10.1007/978-3-319-68640-0_23,Volodymyr P. ShyloOleg V. Shylo,2017,http://link.springer.com/chapter/10.1007/978-3-319-68640-0_23,Chapter
Online risk-based portfolio allocation on subsets of crypto assets applying a prototype-based clustering algorithm,Financial Innovation,,9,1,10.1186/s40854-022-00438-2,Luis LorenzoJavier Arroyo,2023,http://link.springer.com/article/10.1186/s40854-022-00438-2,Article
Multi-objective Evolutionary Algorithm Based on Data Analysis and Its Application in Portfolio Optimization,"Application of Big Data, Blockchain, and Internet of Things for Education Informatization",,,,10.1007/978-3-030-87903-7_55,RuiWu JiangJing Tang,2021,http://link.springer.com/chapter/10.1007/978-3-030-87903-7_55,Chapter
Algorithm research based on multi period fuzzy portfolio optimization model,Cluster Computing,,22,2,10.1007/s10586-018-2191-2,Jun Li Cao,2019,http://link.springer.com/article/10.1007/s10586-018-2191-2,Article
Algorithm portfolio based scheme for dynamic optimization problems,International Journal of Computational Intelligence Systems,,8,4,10.1080/18756891.2015.1046327,Jenny Fajardo CalderínAntonio D. MasegosaDavid A. Pelta,2015,http://link.springer.com/article/10.1080/18756891.2015.1046327,Article
Genetic algorithm designed for solving portfolio optimization problems subjected to cardinality constraint,International Journal of System Assurance Engineering and Management,,9,1,10.1007/s13198-017-0574-z,Hemant JalotaManoj Thakur,2018,http://link.springer.com/article/10.1007/s13198-017-0574-z,Article
An interactive algorithm for portfolio bi-criteria optimization of R&D projects in public organizations,Journal of Computer and Systems Sciences International,,47,1,10.1134/S1064230708010048,I. LitvinchevF. López,2008,http://link.springer.com/article/10.1134/S1064230708010048,Article
An Evolutionary Algorithm with a New Coding Scheme for Multi-objective Portfolio Optimization,Simulated Evolution and Learning,,,,10.1007/978-3-319-68759-9_9,Yi ChenAimin ZhouRongfang ZhouPeng HeYong ZhaoLihua Dong,2017,http://link.springer.com/chapter/10.1007/978-3-319-68759-9_9,Chapter
"A Novel Framework for Portfolio Optimization Based on Modified Simulated Annealing Algorithm Using ANN, RBFN, and ABC Algorithms",Towards Extensible and Adaptable Methods in Computing,,,,10.1007/978-981-13-2348-5_13,Chanchal KumarM. N. DojaMirza Allim Baig,2018,http://link.springer.com/chapter/10.1007/978-981-13-2348-5_13,Chapter
Improved multiobjective bat algorithm for the credibilistic multiperiod mean-VaR portfolio optimization problem,Soft Computing,,25,8,10.1007/s00500-021-05638-z,Manrui JiangWeiyi LiuWen XuWei Chen,2021,http://link.springer.com/article/10.1007/s00500-021-05638-z,Article
"Resolving a portfolio optimization problem with investment timing through using the analytic hierarchy process, support vector regression and a genetic algorithm",International Journal of Computational Intelligence Systems,,11,1,10.2991/ijcis.11.1.77,Chih-Ming Hsu,2018,http://link.springer.com/article/10.2991/ijcis.11.1.77,Article
Optimal computing budget allocation to the differential evolution algorithm for large-scale portfolio optimization,Journal of Simulation,,11,4,10.1057/jos.2016.12,Wei-han Liu,2017,http://link.springer.com/article/10.1057/jos.2016.12,Article
Multi-period model of portfolio investment and adjustment based on hybrid genetic algorithm,Transactions of Tianjin University,,15,6,10.1007/s12209-009-0072-8,Ximin Rong 荣喜民Meiping Lu 卢美萍Lin Deng 邓 林,2009,http://link.springer.com/article/10.1007/s12209-009-0072-8,Article
A Multi-objective Evolutionary Algorithm Based on Piecewise Parallel Decomposition for Portfolio Optimization,Exploration of Novel Intelligent Optimization Algorithms,,,,10.1007/978-981-19-4109-2_5,Yu WuJianle WeiWeiqin YingZhen CuiXuanda PanZhenyu Wang,2022,http://link.springer.com/chapter/10.1007/978-981-19-4109-2_5,Chapter
Investment Stock Portfolio with Multi-Stage Genetic Algorithm Optimization,Intelligent Information and Database Systems,,,,10.1007/978-3-662-49390-8_60,Mahdi MoeiniOliver WendtLinus Krumrey,2016,http://link.springer.com/chapter/10.1007/978-3-662-49390-8_60,Chapter
Application of Multi-objective Optimization Algorithm in Financial Market Portfolio,Soft Computing as Transdisciplinary Science and Technology,,,,10.1007/3-540-32391-0_117,Man-Chung ChanChi-Cheong WongW. D. LuoBernard K -S Cheung,2005,http://link.springer.com/chapter/10.1007/3-540-32391-0_117,Chapter
Bilevel cutting-plane algorithm for cardinality-constrained mean-CVaR portfolio optimization,Advanced Intelligent Technologies for Industry,,,,10.1007/978-981-16-9735-7_11,Yue Wu,2022,http://link.springer.com/chapter/10.1007/978-981-16-9735-7_11,Chapter
Value-at-Risk optimization using the difference of convex algorithm,Journal of Global Optimization,,81,2,10.1007/s10898-021-01048-5,Ken KobayashiYuichi TakanoKazuhide Nakata,2021,http://link.springer.com/article/10.1007/s10898-021-01048-5,Article
Possibilistic Approaches to Portfolio Selection Problem with General Transaction Costs and a CLPSO Algorithm,OR Spectrum,,34,4,10.1007/s00291-010-0225-0,David Wozabal,2012,http://link.springer.com/article/10.1007/s00291-010-0225-0,Article
Optimal Portfolio Selection with Particle Swarm Algorithm: An Application on BIST-30,Computational Economics,,36,3,10.1007/s10614-010-9220-4,Xi-li ZhangWei-Guo ZhangWei-jun XuWei-Lin Xiao,2010,http://link.springer.com/article/10.1007/s10614-010-9220-4,Article
Stock portfolio optimization based on factor analysis and second-order memetic differential evolution algorithm,Applying Particle Swarm Optimization,,,,10.1007/978-3-030-70281-6_9,Burcu Adıgüzel MercangözAltaf Q. H. Badar,2021,http://link.springer.com/chapter/10.1007/978-3-030-70281-6_9,Chapter
Fuzzy portfolio selection using genetic algorithm,Memetic Computing,,,,10.1007/s12293-024-00405-7,Ning HanYinnan ChenLingjuan YeXinchao Zhao,2024,http://link.springer.com/article/10.1007/s12293-024-00405-7,Article
A DEA-based MOEA/D algorithm for portfolio optimization,Soft Computing,,11,12,10.1007/s00500-007-0157-z,Rahib H. AbiyevMustafa Menekay,2007,http://link.springer.com/article/10.1007/s00500-007-0157-z,Article
A new efficiently encoded multiobjective algorithm for the solution of the cardinality constrained portfolio optimization problem,Cluster Computing,,22,6,10.1007/s10586-018-2316-7,Zhongbao ZhouXianghui LiuHelu XiaoShijian WuYueyue Liu,2019,http://link.springer.com/article/10.1007/s10586-018-2316-7,Article
Extreme Reactive Portfolio (XRP): Tuning an Algorithm Population for Global Optimization,Annals of Operations Research,,267,1 - 2,10.1007/s10479-016-2377-z,K. LiagkourasK. Metaxiotis,2018,http://link.springer.com/article/10.1007/s10479-016-2377-z,Article
Mean-variance-skewness portfolio optimization under uncertain environment using improved genetic algorithm,Learning and Intelligent Optimization,,,,10.1007/978-3-319-50349-3_5,Mauro BrunatoRoberto Battiti,2016,http://link.springer.com/chapter/10.1007/978-3-319-50349-3_5,Chapter
An improved probability-based discrete particle swarm optimization algorithm for solving the product portfolio planning problem,Artificial Intelligence Review,,54,8,10.1007/s10462-021-09966-2,Sunil Kumar MittalNamita Srivastava,2021,http://link.springer.com/article/10.1007/s10462-021-09966-2,Article
Epoch-Based Application of Problem-Aware Operators in a Multiobjective Memetic Algorithm for Portfolio Optimization,Soft Computing,,28,3,10.1007/s00500-023-08530-0,Xiaojie LiuAn-Da Li,2024,http://link.springer.com/article/10.1007/s00500-023-08530-0,Article
Adaptive immune genetic algorithm for weapon system portfolio optimization in military big data environment,Applications of Evolutionary Computation,,,,10.1007/978-3-031-30229-9_14,Feijoo Colomine DuránCarlos CottaAntonio J. Fernández-Leiva,2023,http://link.springer.com/chapter/10.1007/978-3-031-30229-9_14,Chapter
Passive Aggressive Algorithm for Online Portfolio Selection with Piecewise Loss Function,Cluster Computing,,19,3,10.1007/s10586-016-0596-3,Shanliang YangMei YangSong WangKedi Huang,2016,http://link.springer.com/article/10.1007/s10586-016-0596-3,Article
Handling Model Risk in Portfolio Selection Using Multi-Objective Genetic Algorithm,Advanced Data Mining and Applications,,,,10.1007/978-3-642-53917-6_32,Li GaoWeiguo ZhangQiang Tang,2013,http://link.springer.com/chapter/10.1007/978-3-642-53917-6_32,Chapter
A Hybrid Fuzzy-SCOOT Algorithm to Optimize Possibilistic Mean Semi-absolute Deviation Model for Optimal Portfolio Selection,Artificial Intelligence in Financial Markets,,,,10.1057/978-1-137-48880-0_10,Prisadarng SkolpadungketKeshav DahalNapat Harnpornchai,2016,http://link.springer.com/chapter/10.1057/978-1-137-48880-0_10,Chapter
Genetic algorithm-based multi-criteria project portfolio selection,International Journal of Fuzzy Systems,,24,4,10.1007/s40815-022-01251-w,Jagdish Kumar PahadeManoj Jha,2022,http://link.springer.com/article/10.1007/s40815-022-01251-w,Article
Solution to the Unconstrained Portfolio Optimisation Problem Using a Genetic Algorithm,Annals of Operations Research,,197,1,10.1007/s10479-010-0819-6,Lean YuShouyang WangFenghua WenKin Keung Lai,2012,http://link.springer.com/article/10.1007/s10479-010-0819-6,Article
Long-Short Portfolio Optimization Under Cardinality Constraints by Difference of Convex Functions Algorithm,Soft Computing for Problem Solving,,,,10.1007/978-981-19-6525-8_36,Het ShahMillie Pant,2023,http://link.springer.com/chapter/10.1007/978-981-19-6525-8_36,Chapter
A Novel Hybrid Algorithm for Mean-CVaR Portfolio Selection with Real-World Constraints,Journal of Optimization Theory and Applications,,161,1,10.1007/s10957-012-0197-0,Hoai An Le ThiMahdi Moeini,2014,http://link.springer.com/article/10.1007/s10957-012-0197-0,Article
Algorithm portfolios for noisy optimization,Advances in Swarm Intelligence,,,,10.1007/978-3-319-11897-0_38,Quande QinLi LiShi Cheng,2014,http://link.springer.com/chapter/10.1007/978-3-319-11897-0_38,Chapter
Fund of Hedge Funds Portfolio Optimisation Using a Global Optimisation Algorithm,Annals of Mathematics and Artificial Intelligence,,76,1 - 2,10.1007/s10472-015-9486-2,Marie-Liesse CauwetJialin LiuBaptiste RozièreOlivier Teytaud,2016,http://link.springer.com/article/10.1007/s10472-015-9486-2,Article
Enhanced index tracking problem: a new optimization model and a sum-of-ratio based algorithm,Electrical Engineering and Applied Computing,,,,10.1007/978-94-007-1192-1_34,Bernard MinskyM. ObradovicQ. TangRishi Thapar,2011,http://link.springer.com/chapter/10.1007/978-94-007-1192-1_34,Chapter
Research on Optimization Algorithm of Digital Supply Chain Finance in Science and Technology Enterprises,OPSEARCH,,60,3,10.1007/s12597-023-00658-9,F. HooshmandZ. Rasouli,2023,http://link.springer.com/article/10.1007/s12597-023-00658-9,Article
Online Black-Box Algorithm Portfolios for Continuous Optimization,International Conference on Cognitive based Information Processing and Applications (CIPA 2021),,,,10.1007/978-981-16-5854-9_32,Xiaojie RenXiaoyi Wang,2022,http://link.springer.com/chapter/10.1007/978-981-16-5854-9_32,Chapter
Portfolio selection with divisible and indivisible assets: Mathematical algorithm and economic analysis,Parallel Problem Solving from Nature – PPSN XIII,,,,10.1007/978-3-319-10762-2_4,Petr BaudišPetr Pošík,2014,http://link.springer.com/chapter/10.1007/978-3-319-10762-2_4,Chapter
A constrained swarm optimization algorithm for large-scale long-run investments using Sharpe ratio-based performance measures,Annals of Operations Research,,152,1,10.1007/s10479-006-0141-5,Rafael Lazimy,2007,http://link.springer.com/article/10.1007/s10479-006-0141-5,Article
On the application of an Augmented Lagrangian algorithm to some portfolio problems,Computational Management Science,,21,1,10.1007/s10287-023-00483-x,Massimiliano KaucicFilippo PiccottoGabriele Sbaiz,2023,http://link.springer.com/article/10.1007/s10287-023-00483-x,Article
Algorithm Unions for Solving Discrete Optimization Problems,EURO Journal on Computational Optimization,,4,1,10.1007/s13675-015-0052-9,E. G. BirginJ. M. Martínez,2016,http://link.springer.com/article/10.1007/s13675-015-0052-9,Article
Genetic Algorithm-Based Combination of Predictions,Cybernetics and Systems Analysis,,59,5,10.1007/s10559-023-00611-0,I. V. SergienkoV. P. ShyloV. O. Roshchyn,2023,http://link.springer.com/article/10.1007/s10559-023-00611-0,Article
Applications of Genetic Algorithm for Artificial Neural Network Model Discovery and Performance Surface Optimization in Finance,Artificial Intelligence for Financial Markets,,,,10.1007/978-3-030-97319-3_7,Thomas BarrauRaphael Douady,2022,http://link.springer.com/chapter/10.1007/978-3-030-97319-3_7,Chapter
Algorithm portfolio selection as a bandit problem with unbounded losses,Advances in Natural Computation,,,,10.1007/11539087_161,Serge Hayward,2005,http://link.springer.com/chapter/10.1007/11539087_161,Chapter
A Reference Point-Based Evolutionary Algorithm for Many-Objective Fuzzy Portfolio Selection,Annals of Mathematics and Artificial Intelligence,,61,2,10.1007/s10472-011-9228-z,Matteo GaglioloJürgen Schmidhuber,2011,http://link.springer.com/article/10.1007/s10472-011-9228-z,Article
Dual Population Genetic Algorithm for the Cardinality Constrained Portfolio Selection Problem,Bio-inspired Computing: Theories and Applications,,,,10.1007/978-981-15-3425-6_10,Jian ChenXiaoliang MaYiwen SunZexuan Zhu,2020,http://link.springer.com/chapter/10.1007/978-981-15-3425-6_10,Chapter
Algorithm for cardinality-constrained quadratic optimization,Simulated Evolution and Learning,,,,10.1007/978-3-319-13563-2_59,Nasser R. SabarAndy Song,2014,http://link.springer.com/chapter/10.1007/978-3-319-13563-2_59,Chapter
A novel hybrid heuristic algorithm for a new uncertain mean-variance-skewness portfolio selection model with real constraints,Computational Optimization and Applications,,43,1,10.1007/s10589-007-9126-9,Dimitris BertsimasRomy Shioda,2009,http://link.springer.com/article/10.1007/s10589-007-9126-9,Article
Handling of Synergy into an Algorithm for Project Portfolio Selection,Applied Intelligence,,48,9,10.1007/s10489-017-1124-8,Wei ChenYun WangPankaj GuptaMukesh Kumar Mehlawat,2018,http://link.springer.com/article/10.1007/s10489-017-1124-8,Article
Memetic Algorithm for Solving the Problem of Social Portfolio Using Outranking Model,Recent Advances on Hybrid Intelligent Systems,,,,10.1007/978-3-642-33021-6_33,Gilberto RiveraClaudia G. GómezEduardo R. FernándezLaura CruzOscar CastilloSamantha S. Bastiani,2013,http://link.springer.com/chapter/10.1007/978-3-642-33021-6_33,Chapter
LR-NIMBUS: an interactive algorithm for uncertain multiobjective optimization with lightly robust efficient solutions,Recent Advances on Hybrid Intelligent Systems,,,,10.1007/978-3-642-33021-6_27,Claudia G. Gómez S.Eduardo R. Fernández GonzalezLaura Cruz ReyesS. Samantha Bastiani M.Gilberto Rivera Z.Victoria Ruız M.,2013,http://link.springer.com/chapter/10.1007/978-3-642-33021-6_27,Chapter
Compromise Approach-Based Genetic Algorithm for Constrained Multiobjective Portfolio Selection Model,Journal of Global Optimization,,83,4,10.1007/s10898-021-01118-8,Javad KoushkiKaisa MiettinenMajid Soleimani-damaneh,2022,http://link.springer.com/article/10.1007/s10898-021-01118-8,Article
An Algorithm for Constructing an Efficient Investment Portfolio,Cutting-Edge Research Topics on Multiple Criteria Decision Making,,,,10.1007/978-3-642-02298-2_104,Jun Li,2009,http://link.springer.com/chapter/10.1007/978-3-642-02298-2_104,Chapter
Algorithm Portfolios for Noisy Optimization: Compare Solvers Early,Software Engineering Perspectives in Intelligent Systems,,,,10.1007/978-3-030-63322-6_39,Vera IvanyukDmitry Berzin,2020,http://link.springer.com/chapter/10.1007/978-3-030-63322-6_39,Chapter
An Efficient Adaptive Real Coded Genetic Algorithm to Solve the Portfolio Choice Problem Under Cumulative Prospect Theory,Learning and Intelligent Optimization,,,,10.1007/978-3-319-09584-4_1,Marie-Liesse CauwetJialin LiuOlivier Teytaud,2014,http://link.springer.com/chapter/10.1007/978-3-319-09584-4_1,Chapter
Robust Optimization of Stock Portfolio Index IDX 30 Using Monte Carlo Simulation in Insurance Company,Proceedings of the 8th International Conference on the Applications of Science and Mathematics,,,,10.1007/978-981-99-2850-7_10,Shofiayumna Felisya PutriGunardi,2023,http://link.springer.com/chapter/10.1007/978-981-99-2850-7_10,Chapter
Optimization Problems in the Simulation of Multifactor Portfolio Credit Risk,Computational Science and Its Applications - ICCSA 2006,,,,10.1007/11751595_82,Wanmo KangKyungsik Lee,2006,http://link.springer.com/chapter/10.1007/11751595_82,Chapter
"Reflections on Portfolio Insurance, Portfolio Theory, and Market Simulation with Harry Markowitz",Handbook of Portfolio Construction,,,,10.1007/978-0-387-77439-8_19,Bruce I. JacobsKenneth N. Levy,2010,http://link.springer.com/chapter/10.1007/978-0-387-77439-8_19,Chapter
Advances in Modeling and Simulation,,,,,10.1007/978-3-031-10193-9,Zdravko BotevAlexander KellerChristiane LemieuxBruno Tuffin,2022,http://link.springer.com/book/10.1007/978-3-031-10193-9,Book
Integrated simulation and optimization models for tracking international fixed income indices,Mathematical Programming,,89,2,10.1007/PL00011401,Andrea ConsiglioStavros A. Zenios,2001,http://link.springer.com/article/10.1007/PL00011401,Article
Portfolio Optimization for US-Based Equity Instruments Using Monte-Carlo Simulation,Cognitive Informatics and Soft Computing,,,,10.1007/978-981-16-8763-1_57,Ayan MukherjeeAshish Kumar SinghPradeep Kumar MallickSasmita Rani Samanta,2022,http://link.springer.com/chapter/10.1007/978-981-16-8763-1_57,Chapter
Dynamic portfolio choice: a simulation-and-regression approach,Optimization and Engineering,,18,2,10.1007/s11081-017-9347-4,Michel DenaultErick DelageJean-Guy Simonato,2017,http://link.springer.com/article/10.1007/s11081-017-9347-4,Article
Sensitivity of optimal portfolio problems to time-varying parameters: simulation analysis,Journal of Asset Management,,20,5,10.1057/s41260-019-00132-6,Zhanar BimuratDarkhan U. AbdibekovDulat N. ShukayevYekaterina R. KimMalik D. Shukayev,2019,http://link.springer.com/article/10.1057/s41260-019-00132-6,Article
BEKK Element-by-Element Estimation of a Volatility Matrix. A Portfolio Simulation,Mathematical and Statistical Methods for Actuarial Sciences and Finance,,,,10.1007/978-3-319-05014-0_34,Alessia NaccaratoAndrea Pierini,2014,http://link.springer.com/chapter/10.1007/978-3-319-05014-0_34,Chapter
Combining Mathematical Programming and Monte Carlo Simulation to Deal with Uncertainty in Energy Project Portfolio Selection,Assessment and Simulation Tools for Sustainable Energy Systems,,,,10.1007/978-1-4471-5143-2_16,George MavrotasOlena Pechak,2013,http://link.springer.com/chapter/10.1007/978-1-4471-5143-2_16,Chapter
"Modeling, Simulation and Optimization","Smart Innovation, Systems and Technologies",,,,10.1007/978-981-19-0836-1,Biplab DasRipon PatgiriSivaji BandyopadhyayValentina Emilia Balas,2022,http://link.springer.com/book/10.1007/978-981-19-0836-1,Book
Selecting security control portfolios: a multi-objective simulation-optimization approach,EURO Journal on Decision Processes,,4,1 - 2,10.1007/s40070-016-0055-7,Elmar KieslingAndreas EkelhartBernhard GrillChristine StraussChristian Stummer,2016,http://link.springer.com/article/10.1007/s40070-016-0055-7,Article
Sensitivity of Bond Portfolio's Behavior with Respect to Random Movements in Yield Curve: A Simulation Study,Annals of Operations Research,,99,1 - 4,10.1023/A:1019227901758,Marida BertocchiVittorio MoriggiaJitka Dupačová,2000,http://link.springer.com/article/10.1023/A%3A1019227901758,Article
On the Modeling and Simulation of Portfolio Allocation Schemes: an Approach Based on Network Community Detection,Computational Economics,,62,3,10.1007/s10614-022-10288-w,Stefano Ferretti,2023,http://link.springer.com/article/10.1007/s10614-022-10288-w,Article
Strategic optimization of powertrain technology portfolios by means of market simulation,Der Antrieb von morgen 2017,,,,10.1007/978-3-658-19224-2_1,Nils Robert NeumannJan BavendiekLutz Eckstein,2017,http://link.springer.com/chapter/10.1007/978-3-658-19224-2_1,Chapter
Mathematical Modeling and Simulation of Systems,Lecture Notes in Networks and Systems,,,,10.1007/978-3-030-89902-8,Prof. Dr. Serhiy ShkarletProf. Anatoliy MorozovProf. Alexander PalaginProf. Dmitri VinnikovAssoc. Prof. Nikolai StoianovDr. Mark ZhelezniakProf. Volodymyr Kazymyr,2022,http://link.springer.com/book/10.1007/978-3-030-89902-8,Book
Dynamic Simulation of Pension Funds’ Portfolio,Business Information Systems Workshops,,,,10.1007/978-3-642-34228-8_8,Marius LiutvinaviciusVirgilijus Sakalauskas,2012,http://link.springer.com/chapter/10.1007/978-3-642-34228-8_8,Chapter
Modeling with Optimization and Simulation,An Introduction to Computational Science,,,,10.1007/978-3-030-15679-4_12,Allen HolderJoseph Eichholz,2019,http://link.springer.com/chapter/10.1007/978-3-030-15679-4_12,Chapter
Simulation Results,Quantitative Modeling of Operational Risk in Finance and Banking Using Possibility Theory,,,,10.1007/978-3-319-26039-6_7,Arindam ChaudhuriSoumya K. Ghosh,2016,http://link.springer.com/chapter/10.1007/978-3-319-26039-6_7,Chapter
Copula Based Volatility Models and Extreme Value Theory for Portfolio Simulation with an Application to Asian Stock Markets,Causal Inference in Econometrics,,,,10.1007/978-3-319-27284-9_17,Apiwat AyusukSongsak Sriboonchitta,2016,http://link.springer.com/chapter/10.1007/978-3-319-27284-9_17,Chapter
Neo-Simulation and Gaming Toward Active Learning,Translational Systems Sciences,,,,10.1007/978-981-13-8039-6,Ryoju HamadaSongsri SoranastapornHidehiko KanegaePongchai DumrongrojwatthanaSettachai ChaisanitPaola RizziVinod Dumblekar,2019,http://link.springer.com/book/10.1007/978-981-13-8039-6,Book
Evaluation of Portfolio of Financial and Insurance Instruments: Simulation of Uncertainty,Managing Safety of Heterogeneous Systems,,,,10.1007/978-3-642-22884-1_17,Piotr NowakMaciej RomaniukTatiana Ermolieva,2012,http://link.springer.com/chapter/10.1007/978-3-642-22884-1_17,Chapter
The impact of different governance arrangements on IT project portfolio selection outcomes – A quantitative modeling approach and simulation studies,Governance Arrangements for IT Project Portfolio Management,,,,10.1007/978-3-658-05661-2_5,Thorsten Frey,2014,http://link.springer.com/chapter/10.1007/978-3-658-05661-2_5,Chapter
Allocation of Economic Capital in Banking: A Simulation Approach,High Performance Computing in Science and Engineering '11,,,,10.1007/978-3-642-23869-7_39,H.-P. BurghofJ. Müller,2012,http://link.springer.com/chapter/10.1007/978-3-642-23869-7_39,Chapter
"Rebalancing versus buy and hold: theory, simulation and empirical analysis",Review of Quantitative Finance and Accounting,,50,1,10.1007/s11156-017-0621-5,Jimmy E. HilliardJitka Hilliard,2018,http://link.springer.com/article/10.1007/s11156-017-0621-5,Article
"Advances in Design, Simulation and Manufacturing",Lecture Notes in Mechanical Engineering,,,,10.1007/978-3-319-93587-4,Vitalii IvanovYiming RongJustyna TrojanowskaJoachim VenusOleksandr LiaposhchenkoJozef ZajacIvan PavlenkoMilan EdlDragan Perakovic,2019,http://link.springer.com/book/10.1007/978-3-319-93587-4,Book
"Advances in Design, Simulation and Manufacturing IV",Lecture Notes in Mechanical Engineering,,,,10.1007/978-3-030-77719-7,Vitalii IvanovDr. Justyna TrojanowskaIvan PavlenkoJozef ZajacDragan Peraković,2021,http://link.springer.com/book/10.1007/978-3-030-77719-7,Book
Neural Network Based Multiagent System for Simulation of Investing Strategies,Cooperative Information Agents XI,,,,10.1007/978-3-540-75119-9_12,Darius PlikynasRimvydas Aleksiejūnas,2007,http://link.springer.com/chapter/10.1007/978-3-540-75119-9_12,Chapter
A simulation-based methodology for evaluating hedge fund investments,Journal of Asset Management,,17,6,10.1057/jam.2016.3,Marat MolybogaChristophe L’ Ahelec,2016,http://link.springer.com/article/10.1057/jam.2016.3,Article
Analyse des Risikos bei „Emerging Markets“-Investments durch Simulation des Portfolio Management-Prozesses,Datamining und Computational Finance,,,,10.1007/978-3-642-57656-0_10,Thorsten PoddigHubert Dicht,2000,http://link.springer.com/chapter/10.1007/978-3-642-57656-0_10,Chapter
Simulation-Based Analysis of Penalty Function for Insurance Portfolio with Embedded Catastrophe Bond in Crisp and Imprecise Setups,Information Systems Architecture and Technology: Proceedings of 39th International Conference on Information Systems Architecture and Technology – ISAT 2018,,,,10.1007/978-3-319-99993-7_11,Maciej Romaniuk,2019,http://link.springer.com/chapter/10.1007/978-3-319-99993-7_11,Chapter
Simulation based model for analyzing generation portfolios,Portfolio Analysis of Power Plant Technologies,,,,10.1007/978-3-658-24379-1_4,Sebastian Rothe,2011,http://link.springer.com/chapter/10.1007/978-3-658-24379-1_4,Chapter
Using System Dynamics for Simulation and Optimization of an Investment Decision System Under Uncertainty,Process Integration and Optimization for Sustainability,,6,2,10.1007/s41660-021-00219-x,Sara Yousefi Roodsari,2022,http://link.springer.com/article/10.1007/s41660-021-00219-x,Article
Supporting Strategic Product Portfolio Planning by Market Simulation,Quantitative Marketing and Marketing Management,,,,10.1007/978-3-8349-3722-3_6,Karsten KieckhäferThomas Volling PhDThomas Stefan Spengler PhD,2012,http://link.springer.com/chapter/10.1007/978-3-8349-3722-3_6,Chapter
Systems Simulation Analysis and Optimization of Insurance Business,Cybernetics and Systems Analysis,,50,2,10.1007/s10559-014-9613-9,B. V. Norkin,2014,http://link.springer.com/article/10.1007/s10559-014-9613-9,Article
